EmployeeID,EmployeeName,Department
E001,Mitarbeiter 1,Sales
E002,Mitarbeiter 2,Sales
E003,Mitarbeiter 3,Sales
E004,Mitarbeiter 4,Sales
E005,Mitarbeiter 5,Sales
E006,Mitarbeiter 6,Sales
E007,Mitarbeiter 7,Sales
E008,Mitarbeiter 8,Sales
E009,Mitarbeiter 9,Sales
E010,Mitarbeiter 10,Sales
E011,Mitarbeiter 11,Sales
E012,Mitarbeiter 12,Sales
E013,Mitarbeiter 13,Sales
E014,Mitarbeiter 14,Sales
E015,Mitarbeiter 15,Sales
E016,Mitarbeiter 16,Sales
E017,Mitarbeiter 17,Sales
E018,Mitarbeiter 18,Sales
E019,Mitarbeiter 19,Sales
E020,Mitarbeiter 20,Sales
E021,Mitarbeiter 21,Sales
E022,Mitarbeiter 22,Sales
E023,Mitarbeiter 23,Sales
E024,Mitarbeiter 24,Sales
E025,Mitarbeiter 25,Sales
E026,Mitarbeiter 26,Sales
E027,Mitarbeiter 27,Sales
E028,Mitarbeiter 28,Sales
E029,Mitarbeiter 29,Sales
E030,Mitarbeiter 30,Sales
E031,Mitarbeiter 31,Sales
E032,Mitarbeiter 32,Sales
E033,Mitarbeiter 33,Sales
E034,Mitarbeiter 34,Sales
E035,Mitarbeiter 35,Sales
E036,Mitarbeiter 36,Sales
E037,Mitarbeiter 37,Sales
E038,Mitarbeiter 38,Sales
E039,Mitarbeiter 39,Sales
E040,Mitarbeiter 40,Sales
E041,Mitarbeiter 41,Sales
E042,Mitarbeiter 42,Sales
E043,Mitarbeiter 43,Sales
E044,Mitarbeiter 44,Sales
E045,Mitarbeiter 45,Sales
E046,Mitarbeiter 46,Sales
E047,Mitarbeiter 47,Sales
E048,Mitarbeiter 48,Sales
E049,Mitarbeiter 49,Sales
E050,Mitarbeiter 50,Sales
E051,Mitarbeiter 51,Sales
E052,Mitarbeiter 52,Sales
E053,Mitarbeiter 53,Sales
E054,Mitarbeiter 54,Sales
E055,Mitarbeiter 55,Sales
E056,Mitarbeiter 56,Sales
E057,Mitarbeiter 57,Sales
E058,Mitarbeiter 58,Sales
E059,Mitarbeiter 59,Sales
E060,Mitarbeiter 60,Sales
E061,Mitarbeiter 61,Sales
E062,Mitarbeiter 62,Sales
E063,Mitarbeiter 63,Sales
E064,Mitarbeiter 64,Sales
E065,Mitarbeiter 65,Sales
E066,Mitarbeiter 66,Sales
E067,Mitarbeiter 67,Sales
E068,Mitarbeiter 68,Sales
E069,Mitarbeiter 69,Sales
E070,Mitarbeiter 70,Sales
E071,Mitarbeiter 71,Sales
E072,Mitarbeiter 72,Sales
E073,Mitarbeiter 73,Sales
E074,Mitarbeiter 74,Sales
E075,Mitarbeiter 75,Sales
E076,Mitarbeiter 76,Sales
E077,Mitarbeiter 77,Sales
E078,Mitarbeiter 78,Sales
E079,Mitarbeiter 79,Sales
E080,Mitarbeiter 80,Sales
E081,Mitarbeiter 81,Sales
E082,Mitarbeiter 82,Sales
E083,Mitarbeiter 83,Sales
E084,Mitarbeiter 84,Sales
E085,Mitarbeiter 85,Sales
E086,Mitarbeiter 86,Sales
E087,Mitarbeiter 87,Sales
E088,Mitarbeiter 88,Sales
E089,Mitarbeiter 89,Sales
E090,Mitarbeiter 90,Sales
E091,Mitarbeiter 91,Sales
E092,Mitarbeiter 92,Sales
E093,Mitarbeiter 93,Sales
E094,Mitarbeiter 94,Sales
E095,Mitarbeiter 95,Sales
E096,Mitarbeiter 96,Sales
E097,Mitarbeiter 97,Sales
E098,Mitarbeiter 98,Sales
E099,Mitarbeiter 99,Sales
E100,Mitarbeiter 100,Sales
